Comment,Designator,Footprint,LCSC
Buzzer,BZ1,Peacemans_Footprints:AAC801J-13,C95300
100n,"C1,C4,C6,C15,C16,C20,C22,C26,C27,C28,C29,C30,C32,C33,C34,C37,C39,C43",Capacitor_SMD:C_0805_2012Metric,C49678
10u,"C13,C23,C31,C35,C36,C40",Capacitor_SMD:CP_Elec_4x5.8,C249817
33p,"C14,C18",Capacitor_SMD:C_0603_1608Metric,C1663
47n,C17,Capacitor_SMD:C_0805_2012Metric,C53134
10n,"C19,C21",Capacitor_SMD:C_0805_2012Metric,C1710
10u,"C2,C3,C9",Capacitor_SMD:C_0805_2012Metric,C15850
4n7,"C24,C25",Capacitor_SMD:C_0805_2012Metric,C1744
1u,"C5,C10,C11,C12,C38",Capacitor_SMD:C_0805_2012Metric,C28323
22p,"C7,C8,C41,C42",Capacitor_SMD:C_0805_2012Metric,C1804
LED_ALT,"D2,D3",LED_SMD:LED_0805_2012Metric,C84256
BAV99,D4,Package_TO_SOT_SMD:SOT-23,C2500
Micro_SD_Card_Det_Hirose_DM3AT,J4,easyeda2kicad:SD-SMD_DM3AT-SF-PEJM5,C114218
IRF7319,Q1,Package_SO:SOIC-8_3.9x4.9mm_P1.27mm,C5123893
BC847 o. SS8050,Q2,Package_TO_SOT_SMD:SOT-23,C2150
IRLML2244 o. AO3401A,Q3,Package_TO_SOT_SMD:SOT-23,C15127
100k,"R1,R3,R4,R5,R6,R10,R13,R19,R23,R24,R26,R27,R28,R29,R49",Resistor_SMD:R_0805_2012Metric,C149504
10,R14,Resistor_SMD:R_0805_2012Metric,C17415
1M,R15,Resistor_SMD:R_0805_2012Metric,C17514
20,"R16,R17",Resistor_SMD:R_0805_2012Metric,C17544
470k,R18,Resistor_SMD:R_0805_2012Metric,C17709
10k,"R2,R8,R11,R12,R35,R36,R53",Resistor_SMD:R_0805_2012Metric,C17414
470,"R20,R21",Resistor_SMD:R_0805_2012Metric,C17710
3k3,"R22,R25",Resistor_SMD:R_0805_2012Metric,C26010
680,"R30,R47",Resistor_SMD:R_0805_2012Metric,C17798
220,"R31,R32,R33,R40,R42,R43,R46,R50",Resistor_SMD:R_0402_1005Metric,C25091
47k,"R34,R38,R39,R41,R44,R45,R48,R52",Resistor_SMD:R_0402_1005Metric,C25792
100,R51,Resistor_SMD:R_0805_2012Metric,C17408
22k,"R7,R37",Resistor_SMD:R_0805_2012Metric,C17560
300k,R9,Resistor_SMD:R_0603_1608Metric,C23024
SW_Push,SW3,easyeda2kicad:SW-SMD_4P-L5.1-W5.1-P3.70-LS6.5-TL-2,C318884
ME6210A50PG,U1,easyeda2kicad:SOT-89-3_L4.5-W2.5-P1.50-LS4.2-BR,C82940
24LC256,U17,Package_SO:SOIC-8_3.9x4.9mm_P1.27mm,C3007885
ATMEGA328P-AU,"U2,U10",Package_QFP:TQFP-32_7x7mm_P0.8mm,C14877
74HC4050,U3,Package_SO:SOIC-16_3.9x9.9mm_P1.27mm,C43181
74HC14,U6,Package_SO:SOIC-14_3.9x8.7mm_P1.27mm,C5605
VS1053B,U7,Package_QFP:LQFP-48_7x7mm_P0.5mm,C9922
QRE1113GR,"U9,U11,U12,U13,U14,U15,U16,U18",Peacemans_Footprints:QRE1113GR-slim,C232862
16Mhz,"Y1,Y3",Peacemans_Footprints:CRYSTAL_7A,C251590
12.288MHz,Y2,Peacemans_Footprints:CRYSTAL_7A,C3035209